type,name
top,IP_MOD_CONV.v
file,../basicblocks/memories/simple_dual_port_ram_single_clk.v
file,../basicblocks/aip/aipModules.v
file,./ID1000500C_aip.v
file,init_same.v
file,size_y_reg.v
file,x_i_COMP.v
file,ptr_reg.v
file,size_x_reg.v
file,zind_reg.v
file,ptr_i.v
file,aux_COMP.v
file,x_i_reg.v
file,aux_reg.v
file,x_i_reg.v
file,aux_reg.v
file,x_i.v
file,s_z_mem.v
file,multi_reg.v
file,same_i_reg.v
file,sz_same_reg.v
file,same.v
file,aux_ADD.v
file,conv_top.v
file,y_i.v
file,multi.v
file,mux.v
file,ADD_reg.v
file,zind_ADD.v
file,FSM.v
file,ADD.v
file,y_i_COMP.v
file,same_i_COMP.v
file,sz_full_reg.v
file,y_i_reg.v
file,IP_MOD_CONV.v
